<?xml version="1.0" encoding="UTF-8"?>
<!DOCTYPE hibernate-configuration PUBLIC
"-//Hibernate/Hibernate Configuration DTD 3.0//EN"
"http://hibernate.org/dtd/hibernate-configuration-3.0.dtd">
<hibernate-configuration>
<session-factory>
<property name="hibernate.connection.driver_class">com.mysql.jdbc.Driver</property>
<property name="hibernate.connection.url">jdbc:mysql://localhost:3306/bootdb</property>
<property name="hibernate.connection.username">root</property>
<property name="hibernate.connection.password"></property>
<property name="hibernate.connection.pool_size">2</property>
<property name="hibernate.show_sql">true</property>
<property name="hibernate.dialect">org.hibernate.dialect.MySQL5InnoDBDialect</property>
<property name="hibernate.hbm2ddl.auto">update</property>
<property name="packagesToScan">com.inti.formation.entities</property>
<property name="hibernate.enable_lazy_load_no_trans">true</property>
<!-- create-drop, create -->

<mapping class="com.inti.formation.entities.UserEntity"/>
<mapping class="com.inti.formation.entities.DemandEntity"/>
<mapping class="com.inti.formation.entities.ParticipationEntity"/>



</session-factory>
</hibernate-configuration> 

